pol_id,name,nickname,suffix,party
9,Doug Ose,,,Rep
21,George Miller,,I,Dem
24,Nancy D'Alesandro Pelosi,,,Dem
28,Barbara Jean Lee,,,Dem
43,Anna Georges Eshoo,,,Dem
49,Zoe Lofgren,,,Dem
52,Sam Sharon Farr,,,Dem
67,Devin G. Nunes,,,Rep
72,Lois Capps,,,Dem
79,Howard Philip McKeon,Buck,,Rep
81,Michael D. Crapo,Mike,,Rep
84,Brad Sherman,,,Dem
89,Adam Bennett Schiff,,,Dem
92,Henry Arnold Waxman,,,Dem
94,Xavier Becerra,,,Dem
102,Lucille Roybal-Allard,,,Dem
104,Maxine Waters,,,Dem
113,Grace Flores Napolitano,,,Dem
116,Linda T. Sanchez,,,Dem
126,Gary Gene Miller,,,Rep
132,Ken Calvert,,,Rep
138,Dana Tyrone Rohrabacher,,,Rep
140,Loretta Sanchez,,,Dem
146,Darrell Edward Issa,,,Rep
157,Susan Carol Alpert Davis,,,Dem
189,Timothy Peter Johnson,Tim,,Dem
202,Wayne Edward Whitfield,Ed,,Rep
208,Harold Rogers,Hal,,Rep
210,Addison Mitchell McConnell,Mitch,,Rep
212,Roger F. Wicker,,,Rep
231,Lee Raymond Terry,,,Rep
237,Robert A. Brady,Bob,,Dem
239,Chaka Fattah,,,Dem
244,James Gerlach,Jim,,Rep
249,William Shuster,Bill,,Rep
252,Louis J. Barletta,Lou,,Rep
255,Michael F. Doyle,Mike,,Dem
257,Patrick Joseph Toomey,Pat,,Rep
258,Joseph R. Pitts,Joe,,Rep
261,Timothy F. Murphy,Tim,,Rep
270,Sam Johnson,,,Rep
273,Ralph Moody Hall,,,Rep
277,Jeb Hensarling,,,Rep
281,Joe Linus Barton,,,Rep
284,John Abney Culberson,,,Rep
287,Kevin Patrick Brady,,,Rep
292,Lloyd Doggett,,,Dem
296,Kay Granger,,,Rep
299,William Thornberry,Mac,,Rep
304,Ruben E. Hinojosa,,,Dem
312,Sheila Jackson Lee,,,Dem
321,Lamar S. Smith,,,Rep
327,Henry Roberto Cuellar,,,Dem
348,Gene Green,,,Dem
350,Eddie Bernice Johnson,,,Dem
358,Peter Anderson Sessions,Pete,,Rep
362,James Richard Perry,Rick,,Rep
367,John Cornyn,,,Rep
369,Robert Ernest Andrews,Rob,,Dem
371,Frank A. LoBiondo,,,Rep
375,Frank J. Pallone,,Jr.,Dem
378,William J. Pascrell,Bill,Jr.,Dem
382,Donald Milford Payne,,Jr.,Dem
384,Rodney P. Frelinghuysen,,,Rep
385,Rush Dew Holt,,Jr.,Dem
386,Robert Menendez,Bob,,Dem
391,Steve Chabot,,,Rep
393,Robert Jones Portman,Rob,,Rep
405,Marcy Carolyn Kaptur,,,Dem
411,Patrick Joseph Tiberi,Pat,,Rep
422,Peter John Visclosky,Pete,,Dem
431,Michael Richard Pence,Mike,,Rep
437,John Davison Rockefeller,Jay,IV,Dem
441,Shelley Moore Capito,,,Rep
442,Nick Joe Rahall,,I,Dem
445,Mike O. Johanns,,,Rep
450,David E. Price,,,Dem
452,Richard M. Burr,,,Rep
453,John Howard Coble,,,Rep
481,Greg Walden,,,Rep
482,Earl Blumenauer,,,Dem
484,Peter A. DeFazio,,,Dem
501,Clement Leroy Otter,Butch,,Rep
504,Michael Keith Simpson,Mike,,Rep
508,Michael Bradley Enzi,Mike,,Rep
513,Donald Edwin Young,Don,,Rep
523,Robert Brown Aderholt,,,Rep
526,Spencer Thomas Bachus,,I,Rep
528,Thomas Richard Harkin,Tom,,Dem
537,Thomas Paul Latham,Tom,,Rep
539,Steve King,,,Rep
540,Mike Fellows,,,Oth
556,Ernest Scott Garrett,,,Rep
577,Thomas Stewart Udall,Tom,,Dem
579,John Randolph Thune,,,Rep
580,Marion Michael Rounds,Mike,,Rep
585,Michael Herman Michaud,Mike,,Dem
600,Marshall Clement Sanford,Mark,Jr.,Rep
618,Robert William Bishop,Rob,,Rep
620,James David Matheson,Jim,,Dem
665,John James Duncan,Jimmy,Jr.,Rep
676,James Hayes Shofner Cooper,Jim,,Dem
682,Marsha Wedgeworth Blackburn,,,Rep
690,William Thad Cochran,,,Rep
692,Gerald W. Moran,Jerry,,Rep
711,James Randy Forbes,,,Rep
714,Robert William Goodlatte,Bob,,Rep
715,Eric Ivan Cantor,,,Rep
719,Frank R. Wolf,,,Rep
734,Diana L. DeGette,,,Dem
754,Robert L. Beauprez,Bob,,Rep
768,Carl Milton Levin,,,Dem
788,Frederick Stephen Upton,Fred,,Rep
802,Sander Martin Levin,Sandy,,Dem
806,John Conyers,,Jr.,Dem
809,John David Dingell,,Jr.,Dem
823,Clarence Saxby Chambliss,,,Rep
828,Jack Heddons Kingston,,,Rep
833,John Robert Lewis,,,Dem
835,John Hardy Isakson,Johnny,,Rep
841,Nathan Deal,,,Rep
843,John Phillip Gingrey,Phil,,Rep
851,Ander Crenshaw,,,Rep
856,John L. Mica,,,Rep
867,Ileana Ros-Lehtinen,,,Rep
874,Alcee Lamar Hastings,,,Dem
878,Mario Rafael Diaz-Balart,,,Rep
882,Richard Edmund Neal,,,Dem
883,James Patrick McGovern,Jim,,Dem
887,John F. Tierney,,,Dem
888,Edward J. Markey,Ed,,Dem
889,Michael Everett Capuano,Mike,,Dem
890,Stephen Lynch,,,Dem
899,Mary Loretta Landrieu,,,Dem
906,David Bruce Vitter,,,Rep
964,John Francis Reed,Jack,,Dem
967,James R. Langevin,Jim,,Dem
985,John Paul Kline,,,Rep
989,Betty Louise McCollum,,,Dem
1017,Michael C. Burgess,,,Rep
1025,Mike McIntyre,,,Dem
1034,Sean Haugh,,,Oth
1036,Joseph R. Biden,Joe,Jr.,Dem
1048,James Mountain Inhofe,Jim,,Rep
1055,C.A. Ruppersberger,Dutch,,Dem
1057,Benjamin L. Cardin,Ben,,Dem
1061,Steny H. Hoyer,,,Dem
1064,Elijah Emanuel Cummings,,,Dem
1066,Chris Van Hollen,,,Dem
1073,Jeanne Shaheen,,,Dem
1087,David Camp,Dave,,Rep
1092,Tammy Baldwin,,,Dem
1094,Ronald James Kind,Ron,,Dem
1099,Frank James Sensenbrenner,Jim,Jr.,Rep
1101,Thomas Evert Petri,Tom,,Rep
1115,Charles Michael Thompson,Mike,,Dem
1121,Trent Franks,,,Rep
1124,Ed Pastor,,,Dem
1129,Jeff Lane Flake,,,Rep
1131,Raul M. Grijalva,,,Dem
1135,Matthew James Salmon,Matt,,Rep
1139,John B. Larson,,,Dem
1141,Rosa Luisa DeLauro,,,Dem
1157,Pete Diamondstone,,,Oth
1161,Michael Dennis Rogers,Mike,,Rep
1167,Jefferson Beauregard Sessions,Jeff,I,Rep
1169,Michael J. Rogers,Mike,,Rep
1188,Mark Lunsford Pryor,,,Dem
1194,Michael Avery Ross,Mike,,Dem
1206,Michael Honda,Mike,,Dem
1213,Bob Conaway,,,Dem
1215,Edward Randall Royce,Ed,,Rep
1224,Mark Emery Udall,,,Dem
1231,Joseph Courtney,Joe,,Dem
1240,Jefferson B. Miller,Jeff,,Rep
1242,Corrine Brown,,,Dem
1253,Sanford Dixon Bishop,,Jr.,Dem
1257,David Albert Scott,,,Dem
1262,Richard Joseph Durbin,Dick,,Dem
1263,Bobby L. Rush,,,Dem
1267,Luis V. Gutierrez,,,Dem
1275,Janice D. Schakowsky,Jan,,Dem
1277,Mark Steven Kirk,,,Rep
1285,John M. Shimkus,,,Rep
1287,Mark J. Leyva,,,Rep
1313,Rodney Alexander,,,Rep
1326,Candice Sue Miller,,,Rep
1333,Collin Clark Peterson,,,Dem
1335,Bennie G. Thompson,,,Dem
1337,William Lacy Clay,,Jr.,Dem
1342,Samuel B. Graves,Sam,Jr.,Rep
1343,Roy D. Blunt,,,Rep
1352,Christopher H. Smith,Chris,,Rep
1362,Walter B. Jones,,Jr.,Rep
1376,Michael Ray Turner,Mike,,Rep
1379,John Andrew Boehner,,,Rep
1384,Sherrod Campbell Brown,,,Dem
1388,Timothy J. Ryan,Tim,,Dem
1396,Frank D. Lucas,,,Rep
1398,Tom Cole,,,Rep
1408,Lindsey Graham,,,Rep
1410,Addison Graves Wilson,Joe,Sr.,Rep
1414,James Enos Clyburn,Jim,,Dem
1421,Andrew Alexander,Lamar,Jr.,Rep
1441,John Rice Carter,,,Rep
1445,Bernard Sanders,Bernie,,Dem
1451,Robert Cortez Scott,Bobby,,Dem
1453,James P. Moran,Jim,Jr.,Dem
1461,Paul Davis Ryan,,,Rep
1465,Jay Robert Inslee,,,Dem
1468,Rick Larsen,,,Dem
1475,Doc N. Hastings,,,Rep
1482,Jim Adelbert McDermott,,,Dem
1488,Adam Smith,,,Dem
1506,Andrew Mark Cuomo,,,Dem
1507,Timothy H. Bishop,Tim,,Dem
1510,Steve J. Israel,,,Dem
1514,Peter Thomas King,Pete,,Rep
1516,Carolyn McCarthy,,,Dem
1521,Gregory Weldon Meeks,,,Dem
1523,Joseph Crowley,Joe,,Dem
1525,Jerrold L. Nadler,,,Dem
1535,Nydia M. Velazquez,,,Dem
1539,Henry J. Bardel,Hank,,Oth
1541,Carolyn Jane Bosher Maloney,,,Dem
1543,Charles Bernard Rangel,,,Dem
1545,Jose Enrique Serrano,,,Dem
1547,Eliot L. Engel,,,Dem
1551,Nita M. Lowey,,,Dem
1581,Louise McIntosh Slaughter,,,Dem
1587,Neil A. Abercrombie,,,Dem
1594,Mazie Keiko Hirono,,,Dem
1616,Charles Patrick Roberts,Pat,,Rep
1620,John Nichols Boozman,,,Rep
1701,John S. McCain,,I,Rep
1702,Richard Craig Shelby,,,Rep
1704,Dianne Feinstein,,,Dem
1705,Barbara Boxer,,,Dem
1710,Thomas Richard Carper,Tom,,Dem
1711,Clarence William Nelson,Bill,,Dem
1717,Charles Ernest Grassley,Chuck,,Rep
1720,Samuel Dale Brownback,Sam,,Rep
1726,Barbara Ann Mikulski,,,Dem
1727,Susan Margaret Collins,,,Rep
1729,Deborah Ann Stabenow,Debbie,,Dem
1730,Mark Brandt Dayton,,,Dem
1741,Harry Mason Reid,,,Dem
1745,Charles E. Schumer,Chuck,,Dem
1746,Hilary Clinton,,,Dem
1750,Ronald Lee Wyden,Ron,,Dem
1753,Lincoln Davenport Chafee,,,Ind
1758,Orrin Grant Hatch,,,Rep
1760,Patrick Joseph Leahy,,,Dem
1762,Patty Murray,,,Dem
1780,John Henry Hoeven,,I,Rep
1782,Mark R. Warner,,,Dem
1796,Randy Neugebauer,,,Rep
1799,Lisa Murkowski,,,Rep
1805,Maria Cantwell,,,Dem
1835,Mark Assini,,,Rep
1837,John Jenkins Barrow,,,Dem
1860,Michael Conaway,Mike,,Rep
1865,Charles Wieder Dent,Charlie,,Rep
1877,Virginia Ann Foxx,,,Rep
1883,Louie B. Gohmert,,,Rep
1918,Barack H. Obama,,,Dem
1949,Corrogan Vaughn,,,Rep
4434,Sean Parnell,,,Rep
4627,Janice Kay Brewer,Jan,,Rep
4788,Fred DuVal,,,Dem
5397,David Sheridan Schweikert,,,Rep
5418,Kyrsten Sinema,,,Dem
5647,Michael Dale Beebe,Mike,,Dem
5956,William Asa Hutchinson,,,Rep
6068,Jackie McPherson,,,Dem
6622,Edmund Gerald Brown,Jerry,Jr.,Dem
6688,Antonio Cardenas,Tony,,Dem
6818,James Manuel Costa,Jim,,Dem
7136,John Raymond Garamendi,,,Dem
7264,Janice Kay Hahn,,,Dem
7547,Ro Khanna,,,Dem
7915,Chris Mitchum,,,Rep
8584,Mark Allan Takano,,,Dem
8639,Donald Trump,,,Rep
8993,Michael Coffman,,,Rep
9174,Doug Lamborn,,,Rep
9236,Vic Meyers,,,Dem
9291,Edwin George Perlmutter,,,Dem
9302,Jared Polis,,,Dem
9548,Richard Blumenthal,Dick,,Dem
9881,Dannel Patrick Malloy,Dan,Sr.,Dem
10206,John Charles Carney,,Jr.,Dem
10263,Jack A. Markell,,,Dem
10341,David A. Catania,,,Ind
10370,Eleanor Holmes Norton,,,Dem
10376,Carol Schwartz,,,Ind
10546,Katherine Anne Castor,Kathy,,Dem
10601,Charles Joseph Crist,Charlie,Jr.,Dem
10720,Lois Frankel,,,Dem
11357,Debbie Wasserman Schultz,,,Dem
11651,Paul Collins Broun,,,Rep
12594,Mimi Walters,,,Rep
12873,Thomas Edmunds Price,Tom,,Rep
13031,James Austin Scott,,,Rep
13348,Lynn Acton Westmoreland,,,Rep
13472,James R. Aiona,Duke,,Rep
13663,Cam Cavasso,,,Rep
13790,Charles Kong Djou,,,Rep
15344,James E. Risch,Jim,,Rep
15698,Mike Bost,,,Rep
16089,Rodney Davis,,,Rep
16646,Piyush Jindal,Bobby,,Rep
17731,Pat Quinn,,,Dem
18696,William W. Bailey,Bill,,Dem
18782,Daniel Ray Coats,Dan,,Rep
19081,Theodore E. Rokita,Todd,,Rep
19867,Lynn M. Jenkins,,,Rep
20128,Steven Lynn Beshear,Steve,,Dem
22596,Alex X. Mooney,,,Rep
22603,Martin O'Malley,,,Dem
22757,William Keating,Bill,,Dem
23088,Michael D. Bishop,Mike,,Rep
23259,Pam Byrnes,,,Dem
24449,Terri Lynn Land,,,Rep
24973,Gary Peters,,,Dem
25227,Eric Schertzing,,,Dem
25659,Timothy Lee Walberg,Tim,,Rep
26363,Jeffrey Johnson,Jeff,,Rep
26995,Chris Wright,,,Oth
27207,Dewey Phillip Bryant,Phil,,Rep
29019,Vicky Hartzler,,,Rep
29135,Claire Conner McCaskill,,,Dem
29169,Jeremiah Wilson Nixon,Jay,,Dem
29892,Chuck Hassebrook,,,Dem
29894,David Eugene Heineman,Dave,,Rep
30010,Adrian Smith,,,Rep
30423,Dean A Heller,,,Rep
30767,Brian Edward Sandoval,,,Rep
30878,Alice Titus,Dina,,Dem
31050,Bonnie Watson Coleman,,,Dem
31724,Gary K. King,,,Dem
31807,Susana Martinez,,,Rep
31918,Steven Edward Pearce,Steve,,Rep
32250,Robert P. Astorino,Rob,,Rep
32471,Yvette Diane Clarke,,,Dem
32649,Aaron Jon Schock,,,Rep
32916,Howie Hawkins,,,Oth
32940,Brian M. Higgins,,,Dem
33006,Hakeem Seku Jeffries,,,Dem
33237,Patricia M. Maher,,,Dem
33619,Domenic M. Recchia,,Jr.,Dem
34352,George Kenneth Butterfield,G.K.,Jr.,Dem
35254,Patrick Lloyd McCrory,Pat,,Rep
35265,Patrick Timothy McHenry,,,Rep
35605,David Rouzer,,,Rep
36028,Paul M. Wright,,,Rep
36092,John S. Dalrymple,,I,Rep
36149,Mary Kathryn Heitkamp,Heidi,,Dem
36354,John Adams,,,Rep
36555,Edward FitzGerald,Ed,,Dem
36679,John R. Kasich,,,Rep
37280,Alexander Green,Al,,Dem
37351,Tom Allen Coburn,,,Rep
37501,Mary Copeland Fallin,,,Rep
38739,James L. Buchal,,,Rep
38751,Michael McCaul,,,Rep
39046,Ted Poe,,,Rep
39053,John Albert Kitzhaber,,,Dem
39527,Robert Patrick Casey,Bob,Jr.,Dem
39562,Al McAffrey,,,Dem
39744,Allyson Young Schwartz,,,Dem
39864,David Nicola Cicilline,,,Dem
40102,Sheldon Whitehouse,,,Dem
40715,Dennis M. Daugaard,,,Rep
41229,Rick Weiland,,,Dem
41288,Stephen Ira Cohen,Steve,,Dem
41404,Gregory Wayne Abbott,Greg,,Rep
41484,Brian Babin,,,Rep
41650,Frank Briscoe,,,Dem
42151,Pete P. Gallego,,,Dem
42252,Mark Greene,,,Dem
42752,Kenny Marchant,,,Rep
43436,Steven Ernest Stockman,Steve,,Rep
44298,Gary Richard Herbert,,,Rep
45461,Peter Elliott Shumlin,,,Dem
45543,Donald Sternoff Beyer,Don,Jr.,Dem
45695,Robert Hurt,,,Rep
46291,Cathy Anne McMorris Rodgers,,,Rep
47053,Glen B. Gainer,,I,Dem
47450,Joseph Manchin,Joe,I,Dem
47518,David B. McKinley,,,Rep
48730,Gwendolynne Sophia Moore,Gwen,,Dem
48976,Scott Walker,,,Rep
49396,Cynthia Lummis,,,Rep
49989,Jeff Fortenberry,,,Rep
50000,Joseph Simon Donnelly,Joe,,Dem
50040,Emanuel Cleaver,,I,Dem
50077,Robert Scott,Bob,,Dem
50215,Dave George Reichert,,,Rep
50403,Jerry McNerney,,,Dem
50418,Charles William Boustany,,Jr.,Rep
50436,Kevin Craig,,,Oth
50681,Daniel Lipinski,Dan,,Dem
50844,Jeff Gorell,,,Rep
50853,Karen Bass,,,Dem
50902,Scott Peters,,,Dem
51087,Jennifer Garrison,,,Dem
51178,Michael G. Fitzpatrick,,,Rep
51416,Doris Okada Matsui,,,Dem
51423,Timothy Michael Kaine,Tim,,Dem
51431,Bruce L Braley,,,Dem
51516,Deval Laurdine Patrick,,,Dem
51522,John Allan Yarmuth,,,Dem
51523,Kenneth Stepp,,,Dem
51526,Amy Jean Klobuchar,,,Dem
51531,Timothy James Walz,Tim,,Dem
51537,Dave Loebsack,,,Dem
51566,John Peter Ricketts,Pete,,Rep
51603,John P. Sarbanes,,,Dem
51610,Robb Cunningham,,,Oth
51614,Jacob Turk,,,Rep
51631,Ladda Tammy Duckworth,,,Dem
51753,Scott Randall Tipton,,,Rep
51865,Robert Phillips Corker,Bob,Jr.,Rep
51916,Kirsten Elizabeth Gillibrand,,,Dem
51919,Daniel Benjamin Maffei,Dan,,Dem
52147,Christopher Murphy,Chris,,Dem
52332,Abel J. Tapia,,,Dem
52398,Andrew Romanoff,,,Dem
52450,Judy May Chu,,,Dem
52455,Alan Lowenthal,,,Dem
52462,Gloria Negrete McLeod,,,Dem
52471,John Bayard Taylor Campbell,,I,Rep
52480,Juan C. Vargas,,,Dem
52489,Jacqueline K. Speier,Jackie,,Dem
52493,Jeff Denham,,,Rep
52499,Thomas Miller McClintock,Tom,I,Rep
52531,Douglas L LaMalfa,,,Rep
52561,Kevin Owen McCarthy,,,Rep
52566,Tony Strickland,,,Rep
52813,Bradley Byrne,,,Rep
52867,Robert Julian Bentley,,,Rep
52889,Eddie Zamora,,,Rep
52935,John Barrasso,,,Rep
52981,Gus Michael Bilirakis,,,Rep
52996,Dennis Alan Ross,,,Rep
53016,Carl J. Domino,,,Rep
53044,Marco Rubio,,,Rep
53062,Daniel A. Webster,,,Rep
53077,William J. Posey,Bill,,Rep
53086,Frederica Wilson,,,Dem
53104,John Thomas Graves,Tom,Jr.,Rep
53213,Vernon Gale Buchanan,Vern,,Rep
53354,Brian Emanuel Schatz,,,Dem
53363,K. Mark Takai,,,Dem
53396,David Ige,,,Dem
53401,Colleen Hanabusa,,,Dem
53433,Pat Murphy,,,Dem
53537,Jack Hatch,,,Dem
53539,Carol Shea-Porter,,,Dem
53566,Shirley G. Ringo,,,Dem
53697,Robin Kelly,,,Dem
53754,Randall M. Hultgren,Randy,,Rep
53825,Peter J. Roskam,,,Rep
53887,Marlin Andrew Stutzman,,,Rep
53892,Allen Lucas Messer,Luke,,Rep
54005,Kevin Wayne Yoder,,,Rep
54031,Paul Davis,,,Dem
54149,Timothy Alan Huelskamp,Tim,,Rep
54282,Steven Brett Guthrie,,,Rep
54369,Stephen Joseph Scalise,Steve,,Rep
54388,Cedric Levon Richmond,,,Dem
54608,Richard R. Tisei,,,Rep
54705,Anthony Brown,,,Dem
55092,William Huizenga,Bill,,Rep
55100,John Moolenaar,,,Rep
55131,Mark Schauer,,,Dem
55172,Torrey Westrom,,,Rep
55233,Erik Paulsen,,,Rep
55265,Keith Maurice Ellison,,,Dem
55336,Michele Marie Bachmann,,,Rep
55466,Blaine Luetkemeyer,,,Rep
55675,"Patrick ""Alan"" Nunnelee",,,Rep
55866,Jon Tester,,,Dem
55929,Alma Adams,,,Dem
56017,Kay Hagan,,,Dem
56030,Robert Miller Pittenger,,,Rep
56705,Albio Sires,,,Dem
56743,Leonard Lance,,,Rep
56805,Ben Ray Lujan,,Jr.,Dem
56930,Mark Eugene Amodei,,,Rep
57037,Paul David Tonko,,,Dem
57148,Robert Edward Latta,Bob,,Rep
57169,Joyce Beatty,,,Dem
57239,Robert Brian Gibbs,Bob,,Rep
57253,Jim Daniel Jordan,,,Rep
57257,Steve Stivers,,,Rep
57340,Joe Dorman,,,Dem
57426,Dennis Richardson,,,Rep
57440,Tootie Smith,,,Rep
57469,Jeff Merkley,,,Dem
57501,Kurt Schrader,,,Dem
57798,Robert J. Wittman,Rob,,Rep
57813,Donna Edwards,,,Dem
57814,Travis Wayne Childers,,,Dem
57825,Gregg Harper,,,Rep
57849,Andre D. Carson,,,Dem
57891,Jeffrey Darren Duncan,Jeff,,Rep
58008,Pete Olson,,,Rep
58026,Vincent J. Sheheen,,,Dem
58039,Charles Bradley Hutto,Brad,,Dem
58195,Diane Lynn Black,,,Rep
58283,Glenn Thompson,GT,,Rep
58367,William G. Foster,Bill,,Dem
58407,Joaquin Castro,,,Dem
58574,Howard Morgan Griffith,,,Rep
58597,Jim Bryan,,,Dem
58641,Joe Garcia,,,Dem
58831,Andrew P. Harris,Andy,,Rep
58883,Peter F. Welch,,,Dem
58914,Daniel Newhouse,Dan,,Rep
58933,Joyce McDonald,,,Rep
59040,Gerald E. Connolly,Gerry,,Dem
59087,Glenn Grothman,,,Rep
59107,Mark Pocan,,,Dem
59163,Tom Rooney,,,Rep
59268,Evan H. Jenkins,,,Rep
59273,Earl Ray Tomblin,,,Dem
59339,Danny K. Davis,,,Dem
59346,Jason E. Chaffetz,,,Rep
59383,Catherine Ping,,,Rep
59388,Steven Laird,,,Oth
59400,Henry C. Johnson,Hank,Jr.,Dem
59448,Parker Griffith,,,Dem
59450,Frankie Robbins,,,Dem
59492,Martin Trevor Heinrich,,,Dem
59501,Mark Begich,,,Dem
59526,Ann Kirkpatrick,,,Dem
59572,David Phillip Roe,Phil,,Rep
59590,James Andrew Himes,Jim,,Dem
59595,Peter Theron,,,Rep
59608,Alan Stuart Franken,Al,,Dem
59613,Rochelle Johnson Pingree,Chellie,,Dem
59617,Nicola Sauvage Tsongas,Niki,,Dem
59621,Mark Zaccaria,,,Rep
59656,William Cassidy,Bill,,Rep
59669,John Fleming,,,Rep
59681,Duncan Duane Hunter,,,Rep
59694,Richard L. Hanna,,,Rep
59726,Michelle Lujan Grisham,,,Dem
59740,Lee Zeldin,,,Rep
59745,Mariannette Miller-Meeks,,,Rep
59885,Marcia L. Fudge,,,Dem
59898,Alan Mark Grayson,,,Dem
59911,Michael F. Bennet,,,Dem
59914,Michael Quigley,Mike,,Dem
59919,Philip Black,Phil,,Dem
60051,Christopher J. Christie,Chris,,Rep
60075,Terence Richard McAuliffe,Terry,,Dem
60108,Mark DeSaulnier,,,Dem
60118,William Lewis Owens,Bill,,Dem
60120,Scott Philip Brown,,,Rep
60121,Martha Coakley,,,Dem
60122,Joseph Patrick Kennedy,Joe,I,Dem
60128,Theodore E. Deutch,Ted,,Dem
60158,Robert Dold,,,Rep
60165,Darrel Miller,,,Dem
60166,Adam Daniel Kinzinger,,,Rep
60204,Thomas W. Corbett,Tom,Jr.,Rep
60208,Randal Howard Paul,Rand,,Rep
60212,David Cozard,,,Dem
60215,William Flores,Bill,,Rep
60226,Rick Crawford,,,Rep
60231,John Timothy Griffin,Tim,,Rep
60238,Stephen Allen Womack,Steve,,Rep
60295,Randolph Blake Farenthold,,,Rep
60314,James B. Renacci,Jim,,Rep
60318,Scott Rigell,,,Rep
60345,Timothy Eugene Scott,Tim,,Rep
60351,Jon Daniel Runyan,,,Rep
60381,Terry Edward Branstad,,,Rep
60394,Kristi Lynn Noem,,,Rep
60410,Bruce Poliquin,,,Rep
60414,Paul Richard LePage,,,Rep
60420,Nimrata Randhawa Haley,Nikki,,Rep
60421,Larry Bucshon,,,Rep
60423,Jackie Walorski,,,Rep
60424,Todd Young,,,Rep
60428,Bill L. Johnson,,,Rep
60432,Patrick Leo Meehan,Pat,,Rep
60434,Manan Trivedi,,,Dem
60439,Steven McCarty Palazzo,,,Rep
60472,William Steve Southerland,,I,Rep
60481,Richard B. Nugent,Rich,,Rep
60527,Raul Rafael Labrador,,,Rep
60530,Charles Hatchett,,,Dem
60533,Renee Ellmers,,,Rep
60536,Dee Adcock,,,Rep
60541,George Michael Kelly,Mike,Jr.,Rep
60542,Thomas Anthony Marino,Tom,,Rep
60544,Keith James Rothfus,,,Rep
60571,Thomas Coleman Foley,Tom,,Rep
60575,Dan Debicella,,,Rep
60588,Cory Gardner,,,Rep
60601,John Wright Hickenlooper,,,Dem
60612,Art Robinson,,,Rep
60619,John Michael Mulvaney,Mick,,Rep
60628,Martha Dubina Roby,,,Rep
60629,Morris Jackson Brooks,Mo,Jr.,Rep
60639,Terrycina Andrea Sewell,Terri,,Dem
60668,Charles Duane Baker,Charlie,,Rep
60681,Harold Watson Gowdy,Trey,I,Rep
60686,Amerish Bera,Ami,,Dem
60689,Joseph John Heck,Joe,,Rep
60693,Mike Shumway Lee,,,Rep
60705,Garland Barr,Andy,,Rep
60713,Steve Carlson,,,Ind
60721,Tom Emmer,,,Rep
60735,Sean Patrick Duffy,,,Rep
60740,Ronald Harold Johnson,Ron,,Rep
60768,Michael Richard Pompeo,Mike,,Rep
60791,Robert Todd Schilling,Bobby,,Rep
60803,Arthur Henry Lieber,,,Dem
60813,Rick Vandeven,,,Oth
60848,Mark S. Reed,,,Rep
60873,John Dennis,,,Rep
60926,Nan Hayworth,,,Rep
60927,Christopher Patrick Gibson,Chris,,Rep
60935,Thomas W. Reed,Tom,I,Rep
60948,William Edward Haslam,Bill,,Rep
60964,Charles Joseph Fleischmann,Chuck,,Rep
60983,Stephen Lee Fincher,,,Rep
60986,Charlotte Bergmann,,,Rep
60997,Christopher Andrew Coons,Chris,,Dem
61002,Paul Anthony Gosar,,,Rep
61011,Dennis Heck,Denny,,Dem
61012,Suzan Kay DelBene,,,Dem
61020,Jody Hice,,,Rep
61021,William Robert Woodall,Rob,I,Rep
61040,Kelly A. Ayotte,,,Rep
61069,Daniel Joseph Benishek,Dan,,Rep
61070,Justin Amash,,,Rep
61073,Rick Snyder,,,Rep
61077,Ken Buck,,,Rep
61082,Matthew Hansen Mead,Matt,,Rep
61089,Billy Long,,,Rep
61091,Scott Eugene DesJarlais,,,Rep
61119,James Lankford,,,Rep
61145,Bruce Blakeman,,,Rep
61149,Richard Scott,Rick,,Rep
61156,Rose Izzo,,,Rep
61200,Dan Sebring,,,Rep
61201,Reid James Ribble,,,Rep
61212,Frank Guinta,,,Rep
61213,Ann McLane Kuster,,,Dem
61215,Michael Gerard Grimm,,,Rep
61251,Vincent Gray,,,Dem
61316,Rick W. Allen,,,Rep
61368,Clint B. Didier,,,Rep
61403,William Hurd,Will,,Rep
61424,Pete Gosar,,,Dem
61441,Allen Weh,,,Rep
61555,Suzanne Marie Bonamici,,,Dem
61562,John Delaney,,,Dem
61587,David Drain Wallace,Dave,I,Rep
61588,Daniel J. Bongino,Dan,,Rep
61612,Matthew A. Cartwright,Matt,,Dem
61618,Scott Gordon Perry,,,Rep
61629,Ronald Sylvester Barber,Ron,,Dem
61631,Martha E. McSally,,,Rep
61646,Bradley Scott Schneider,Brad,,Dem
61653,Dennis Anderson,,,Dem
61657,Cheri Callahan Bustos,,,Dem
61661,Jimmy Lee Tillman,,I,Rep
61675,Justin Kuhnle,,,Dem
61685,Susan Heitzman,,,Dem
61698,Susan Wiant Brooks,,,Rep
61749,Thomas Waddell Hill,Tom,,Dem
61758,Richard Lane Hudson,,Jr.,Rep
61773,Mark Randall Meadows,,,Rep
61779,George E.B. Holding,,,Rep
61791,Mark Sullivan,,,Dem
61800,Debra Strobel Fischer,Deb,,Rep
61815,Rafael Edward Cruz,Ted,,Rep
61839,Steve Bullock,,,Dem
61856,Steven Daines,Steve,,Rep
61872,Thomas Cotton,Tom,,Rep
61880,Thomas H. Massie,,,Rep
61890,Christopher Douglas Stewart,Chris,,Rep
61892,Brad Wenstrup,,,Rep
61900,James P. Cargas,,,Dem
61921,Robert 'BetoRourke, Francis O,,Dem
61942,David Alameel,,,Dem
61950,Marc Allison Veasey,,,Dem
61957,Filemon Vela,,,Dem
61980,Randy Weber,,,Rep
61985,Corey Dean Roen,,,Rep
61987,Sean Eric Lee Seibert,,,Rep
62001,John Roger Williams,,,Rep
62012,Susan Narvaiz,,,Rep
62024,Shirley Jonetta McKellar,,,Dem
62028,Jefferson Lee Byrd,,,Rep
62063,Jared William Huffman,,,Dem
62068,Kevin Cramer,,,Rep
62079,Steven Alexzander Horsford,,,Dem
62104,Gloria Bromell-Tinubu,,,Dem
62109,Hugh Thompson Rice,Tom,Jr.,Rep
62133,Patrick Erin Murphy,,,Dem
62147,William Bronson,Will,,Dem
62159,Rodney Leland Blum,Rod,,Rep
62174,Donna M. McAleer,,,Dem
62178,Mia Bourdeau Love,,,Rep
62209,Michael K. Cole,,,Dem
62226,Robert Murray,,,Dem
62229,David Valadao,,,Rep
62234,James Frederick Bridenstine,Jim,,Rep
62235,Markwayne Mullin,,,Rep
62244,Elizabeth Warren,,,Dem
62246,Hector L. Concepcion,,,Rep
62247,Nancy Wade,,,Oth
62250,William L. Enyart,Bill,Jr.,Dem
62251,Paula Bradshaw,,,Oth
62267,Robert G. Montigel,,,Dem
62270,Douglas Allen Collins,Doug,,Rep
62284,Mark Donka,,,Rep
62296,Derek Kilmer,,,Dem
62304,Grace Meng,,,Dem
62318,Sean Patrick Maloney,,,Dem
62324,Christopher Carl Collins,Chris,,Rep
62330,Mikel Weisser,Mike,,Dem
62334,Gabriela Saucedo Mercer,Gabby,,Rep
62339,Paul Cook,,,Rep
62341,Joseph McCray,,Sr.,Rep
62342,Raul Ruiz,,,Dem
62343,Eric Michael Swalwell,,,Dem
62359,Kerry Bentivolio,,,Rep
62377,Michael E. Obermueller,Mike,,Dem
62383,Rob Zerban,,,Dem
62395,Julia Brownley,,,Dem
62396,Jack Orswell,,,Rep
62399,Benjamin Campos,,,Rep
62401,David Sanchez,,,Dem
62406,Daniel Timothy Kildee,Dan,,Dem
62418,Angus Stanley King,,Jr.,Ind
62422,Bill Slantz,,,Oth
62425,Russ Lee Monchil,,,Oth
62426,James S. Evans,Jim,,Dem
62453,Kevin L. Wade,,,Rep
62534,Elizabeth Henderson Esty,,,Dem
62552,Chuck Stadler,,,Dem
62555,Theodore Scott Yoho,Ted,,Rep
62557,Ronald D. DeSantis,Ron,,Rep
62559,David P. Joyce,Dave,,Rep
62587,Richard Michael Nolan,Rick,,Dem
62589,Tulsi Gabbard,,,Dem
62590,David Crowley,Kawika,,Rep
62594,Ann Louise Wagner,,,Rep
62623,Mary Margaret Headrick,,,Dem
62653,Margaret Wood Hassan,Maggie,,Dem
62668,Matthew Moore,Matt,,Dem
62729,Matthew M. Corey,,,Rep
62734,W. John Williamson,,,Dem
62753,Eric M. Wallace,,,Rep
62783,Richard Scott Wharton,,,Dem
62785,Frederick L. Kundrata,Fred,I,Dem
62802,Jason Thomas Smith,,,Rep
62837,Johnny Tacherra,,,Rep
62844,Ronald Paul Kabat,,,Oth
62883,Peter R. Aguilar,Pete,,Dem
62900,Mark Greenberg,,,Rep
62943,Brenda Luienar Lawrence,,,Dem
62957,Wendy Rogers,,,Rep
62976,Jaime Lynn Herrera Beutler,,,Rep
62995,Wes Bradley,,,Dem
63004,Bob Ries,,,Rep
63011,Earl Everett,,,Dem
63056,Katherine Marlea Clark,,,Dem
63107,W. A. Hedge,Bill,,Dem
63109,Herschel L. Young,,,Oth
63122,Douglas Allen Enyart,Doug,,Oth
63133,Cory Anthony Booker,,,Dem
63146,Alieta R. Eck,,,Rep
63154,Burton R. LeFlore,,,Dem
63159,David Wilson Jolly,,,Rep
63169,Niko Letsos,,,Dem
63174,John Ratcliffe,,,Rep
63177,Tawana Walter-Cadien,,,Dem
63178,Michael Gene Minter,Mike,,Dem
63180,Donald Brown,Don,,Dem
63184,Nicholas Owen Haynes,Nick,,Dem
63185,James Neal Marchbanks,,,Dem
63190,Patrick Fabian McGehearty,,,Dem
63192,Marco Montoya,,,Dem
63195,Wesley Craig Reed,,,Dem
63196,John E. Walsh,,,Dem
63197,Louie Minor,,Jr.,Dem
63198,Frank Anthony Perez,,,Dem
63201,Larry Stanley Smith,,,Rep
63208,Wendy Russell Davis,,,Dem
63212,Sharon Brannigan,,,Rep
63215,Michael Mason,,,Dem
63216,Robert Bumpers,,,Rep
63218,Larry Kaifesh,,,Rep
63220,Susanne Atanus,,,Rep
63221,Darlene Senger,,,Rep
63225,Ann Callis,,,Dem
63230,Eric Thorsland,,,Dem
63231,Randall Olsen,,,Dem
63253,Bruce Rauner,,,Rep
63256,Muriel E. Bowser,,,Dem
63262,Benjamin E. Sasse,Ben,,Rep
63264,David Alan Domina,Dave,,Dem
63265,Dennis P. Crawford,,,Dem
63274,Curtis J. Clawson,Curt,,Rep
63276,April June Freeman,,,Dem
63281,Marek Tyszkiewicz,,,Dem
63284,Robert Fry,,,Dem
63287,Tom Poetter,,,Dem
63292,Richard May,,,Rep
63293,Robert Klepinger,,,Dem
63294,Mark Zetzer,,,Rep
63295,David Tibbs,,,Dem
63297,Michael Wager,,,Dem
63299,Pete Crossland,,,Dem
63304,Thomas Roland Tillis,Thom,,Rep
63311,Joseph Bock,Joe,,Dem
63317,John Dale,,,Dem
63323,Shawn A. Denney,,,Dem
63333,Tom Spangler,,,Dem
63343,Mary Michelle Nunn,,,Dem
63347,David Perdue,,,Rep
63349,Jason Carter,,,Dem
63353,Brian Reese,,,Dem
63354,Earl Leroy Carter,Buddy,,Rep
63358,Gregory Duke,,,Rep
63361,Thomas Wight,,,Dem
63362,David Vogel,,,Dem
63364,Ken Dious,,,Dem
63369,Barry Loudermilk,,,Rep
63377,Arthur Rich,,,Rep
63379,Clayton Holmes Aiken,Clay,,Dem
63381,Marshall Adame,,,Dem
63385,Joshua Brannon,Josh,,Dem
63387,Laura Fjeld,,,Dem
63389,Mark Walker,,,Rep
63395,Jonathan Barfield,,,Dem
63398,Wesley Casteen,,,Oth
63399,Antonio Blue,,,Dem
63408,Vince Coakley,,,Rep
63411,Brenda Cleary,,,Dem
63413,Tate MacQueen,,IV,Dem
63414,Patrick Henry Hays,,,Dem
63416,French Hill,,,Rep
63417,James Lee Witt,,,Dem
63418,Bruce Westerman,,,Rep
63421,Alison Case Lundergran Grimes,,,Dem
63429,Ronald Allen Leach,Ron,,Dem
63431,Michael Macfarlane,,,Rep
63432,Peter Newberry,,,Dem
63433,Elisabeth Jensen,,,Dem
63435,Natalie Tennant,,,Dem
63440,Nick Casey,,,Dem
63445,Jeffrey Bell,Jeff,,Rep
63448,Garry Wilbert Cobb,,,Rep
63450,Brad Ashford,,,Dem
63451,Mark G. Elworth,,Jr.,Oth
63457,Donald W. Norcross,,,Dem
63459,William J. Hughes,Bill,Jr.,Dem
63460,Thomas MacArthur,Tom,,Rep
63461,Aimee Belgard,,,Dem
63464,Ruben M. Scolavino,,,Dem
63465,Roy Cho,,,Dem
63466,Anthony E. Wilkinson,,,Rep
63467,Jude Anthony Tiscornia,,,Rep
63468,Dierdre G. Paul,,,Rep
63469,Yolanda Dentley,,,Rep
63474,Mark Dunec,,,Dem
63477,Janice Kovach,,,Dem
63478,Nels Mitchell,,,Dem
63485,Thomas W. Wolf,Tom,,Dem
63488,Megan Rath,,,Rep
63489,Armond James,,,Rep
63491,Dan LaVallee,,,Dem
63492,Linda Deliah Thompson,,,Dem
63494,Kerith Strano Taylor,,,Dem
63495,Richard Howard Stallings,,,Dem
63497,A.J. Balukoff,,,Dem
63501,Ryan Costello,,,Rep
63502,Mary Ellen Balchunis,,,Dem
63503,Kevin Strouse,,,Dem
63505,Alanna Hartzok,,,Dem
63508,Scott Brion,,,Dem
63509,Andy Ostrowski,,,Dem
63511,Erin McClelland,,,Dem
63512,Brendan Boyle,,,Dem
63516,Thomas D. Houghton,Tom,,Dem
63519,David Moylan,,,Rep
63524,Erick Wright,,,Dem
63525,Jesse T. Smith,,,Dem
63532,Gary Palmer,,,Rep
63538,Christopher Brian McDaniel,Chris,,Rep
63539,Ron E. Dickey,,,Dem
63542,Douglas MacArthur Magee,Doug,,Dem
63543,Dennis C. Quinn,,,Dem
63548,Monica Wehby,,,Rep
63556,Jason Yates,,,Rep
63559,Aelea Christofferson,,,Dem
63566,Joni K. Ernst,,,Rep
63574,Staci Appel,,,Dem
63579,David Young,,,Rep
63580,Jim Mowrer,,,Dem
63585,Neel Tushar Kashkari,,,Rep
63592,Heidi Hall,,,Dem
63594,Dale K. Mensing,,,Rep
63595,Dan Logue,,,Rep
63596,Arthur Moore,Art,,Rep
63598,James Hinton,,,Oth
63604,George B. Sinner,,,Dem
63605,Antonio Candia Amador,Tony,,Rep
63608,Michael Ray Eggman,,,Dem
63612,Tue Phan-Quang,,,Rep
63618,Dakin M. Sundeen,,,Rep
63619,Robin Leo Chew,,,Rep
63620,Hugh Bussell,,,Rep
63628,Richard B. Fox,,,Rep
63629,Amanda Renteria,,,Dem
63630,Suzanna Aguilera-Marrero,Sam,,Dem
63641,Steve Knight,,,Rep
63646,Steve Stokes,,,Oth
63648,William O'Callaghan Leader,,,Rep
63653,Paul Chabot,,,Rep
63656,Arturo Enrique Alas,,I,Rep
63658,Elan S. Carr,,,Rep
63666,Ted Lieu,,,Dem
63674,Michael Frese,Mike,,Rep
63676,Roxanne Lara,Rocky,,Dem
63682,Christina Marie Gagnier,,,Dem
63684,Norma J. Torres,,,Dem
63685,Brian Nestande,,,Rep
63686,R. Adam King,,,Rep
63687,Peter O. Anderson,,,Dem
63689,Steve Adams,,,Rep
63692,Timothy J. Sheridan,Tim,,Dem
63693,John Randolph Wood,,Jr.,Rep
63694,Drew E. Leavens,,,Dem
63700,Andrew Whallon,Andy,,Rep
63704,Suzanne Joyce Savary,Sue,,Dem
63706,David Peiser,Dave,,Dem
63707,James Harvey Kimber,,,Dem
63708,Stephen Meade,,,Rep
63709,Carl DeMaio,,,Rep
63715,Larry Albert Wilske,,,Rep
63720,Corinna Robinson,,,Dem
63722,Susan Wismer,,,Dem
63727,Roger Roots,,,Oth
63728,John Lewis,,,Dem
63730,Ryan Zinke,,,Rep
63733,Jason Strom,,,Oth
63734,William D. Stevenson,,,Oth
63735,Grant Lally,,,Rep
63736,Kathleen Rice,,,Dem
63739,Jose Luis Fernandez,,,Rep
63742,Nicholas S. Di Iorio,,,Rep
63745,Daniel Vila Rivera,,,Oth
63749,William Edstrom,,,Oth
63750,Christoper Day,Chris,,Rep
63751,Sean Eldridge,,,Dem
63752,James M. Fischer,Jim,,Rep
63753,Aaron Woolf,,,Dem
63754,Elise M. Stefanik,,,Rep
63755,Matthew J. Funiciello,Matt,,Oth
63757,John M. Katko,,,Rep
63758,Kathleen A. Weppner,Kathy,,Rep
63759,James 'JimDonnell, D. O,,Rep
63760,Robert Goodman,,,Dem
63772,Kristen Spees,,,Dem
63774,Erin Bilbray,,,Dem
63776,Cresent Hardy,,,Rep
63783,Joyce Dickerson,,,Dem
63788,Barbara Jo Mullis,,,Dem
63789,Tom Adams,,,Dem
63791,Anthony Culler,,,Rep
63798,Annette Teijeiro,,,Rep
63800,David Alan Brat,Dave,,Rep
63806,Shenna Bellows,,,Dem
63807,Isaac James Misiuk,,,Rep
63808,Emily Ann Cain,,,Dem
63813,Constance Nevlin Johnson,Connie,,Dem
63829,Steven Dane Russell,Steve,,Rep
63832,Robert J. Seaman,,,Oth
63833,Matthew Benjamin Silverstein,Matt,,Dem
63836,Martin H. Walsh,,,Rep
63837,George Leing,,,Rep
63840,Irving Leslie Halter,Irv,Jr.,Dem
63841,Donald G. Ytterberg,Don,,Rep
63844,Luz M. Robles,,,Dem
63845,Brian Wonnacott,,,Dem
63849,Doug Owens,,,Dem
63859,Larry Hogan,,Jr.,Rep
63860,William F. Tilghman,Bill,,Dem
63863,David Michael Banach,Dave,,Rep
63866,Charles A. Long,,,Rep
63870,Nancy Jones Hoyt,,,Rep
63872,Chris Chaffee,,,Rep
63881,Edward W. Gillespie,Ed,,Rep
63882,Suzanne D. Patrick,,,Dem
63883,Walter Lawrence Gaughan,,,Dem
63884,Jack Trammell,,,Dem
63885,Micah K. Edmond,,,Rep
63886,Barbara J. Comstock,,,Rep
63887,John Foust,,,Dem
63888,Suzanne Scholte,,,Rep
63905,Matthew Andrews,,,Oth
63911,Gina M. Raimondo,,,Dem
63912,Allan W. Fung,,,Rep
63915,Cormick Lynch,,,Rep
63918,Rhue Reis,,,Rep
63924,Walter P. Havenstein,Walt,,Rep
63933,Marilinda Joy Garcia,,,Rep
63940,Roseann Ehrhard Wofford,Ann,,Rep
63945,Seth Moulton,,,Dem
63947,John Chapman,,,Rep
63953,Mike McFadden,,,Rep
63956,Heather Johnson,,,Oth
63959,Hannah Nicollet,,,Ind
63960,Chris Holbrook,,,Oth
63961,Jim Hagedorn,,,Rep
63963,Paula Overby,,,Ind
63964,Sharon Sund,,,Dem
63965,Sharna Wahlgren,,,Rep
63966,Doug Daggett,,,Rep
63967,Lee Bauer,,,Ind
63968,Joe Perske,,,Dem
63970,John Denney,,,Ind
63971,Stewart Mills,,,Rep
63972,Ray Sandman,Skip,,Oth
63973,Dave Thomas,,,Ind
63976,Mary Burke,,,Dem
63979,Tony Kurtz,,,Rep
63983,Christopher B. Rockwood,Chris,,Dem
63984,Mark Harris,,,Dem
63987,Kelly Westlund,,,Dem
63988,Ron Gruett,,,Dem
63989,Michael P. Kokoski,,,Oth
63998,Joseph William Kent,Joe,,Oth
64037,Brian Herr,,,Rep
64039,Scott Milne,,,Rep
64041,Forrest Dunbar,,,Dem
64043,Pedro Celis,,,Rep
64047,B.J. Guillot,,,Rep
64048,Bob Dingethal,,,Dem
64058,Joseph A. Pakootas,Joe,,Dem
64060,Martin McClendon,Marty,,Rep
64063,Craig Keller,,,Rep
64064,Jason Ritchie,,,Dem
64065,Doug Basler,,,Rep
64067,Chad Taylor,,,Dem
64070,James E. Sherow,Jim,,Dem
64073,Margie Wakefield,,,Dem
64075,Kelly Kultala,,,Dem
64077,Perry Schuckman,,,Dem
64099,Jerry Cannon,,,Dem
64100,Dean Vanderstelt,,,Dem
64102,Bob Goodrich,,,Dem
64104,Jeffrey Holmes,Jeff,,Dem
64106,Allen Hardwick,,,Rep
64109,Paul Clements,,,Dem
64114,George Brikho,,,Rep
64115,David Trott,Dave,,Rep
64117,Bobby McKenzie,,,Dem
64118,Terry Bowman,,,Rep
64120,Deborah Insley Dingell,Debbie,,Dem
64121,Jeff Gorman,,,Rep
64122,Christina Conyers,,,Rep
64137,Gwen Graham,,,Dem
64139,Marihelen Wheeler,,,Dem
64142,Glo Smith,,,Rep
64145,Wesley Neuman,Wes,,Dem
64146,Gabriel Rothblatt,,,Dem
64148,Carol Platt,,,Rep
64151,Michael McKenna,,,Dem
64153,Dave Koller,,,Dem
64154,Alan Cohn,,,Dem
64155,Henry Lawrence,,,Dem
64160,Jay Bonner,,,Rep
64165,Paul Spain,,,Rep
64167,Joe Kaufman,,,Rep
64168,Dufirstson Neree,,,Rep
64170,Carlos Curbelo,,,Rep
64174,David Cox,,,Dem
64176,Lori Hopkins-Cavanagh,,,Rep
64180,James Brown,,,Rep
64182,Gordon Ball,,,Dem
64190,Lenda Sherrell,,,Dem
64197,Amos Powers,,,Dem
64199,Daniel Cramer,,,Dem
64207,Charles V. Brown,Charlie,,Dem
64258,Bill Walker,,,Oth
64262,Daniel A. Sullivan,Dan,,Rep
64286,Daniel Elder,Dan,,Rep
64289,Courtney Denton,,,Dem
64291,Steven Hendrick,,,Oth
64292,Nate Irvin,,,Dem
64298,Roy Welborn,,,Oth
64314,Norm Mosher,,,Dem
64315,Elliott Fausz,,,Dem
64317,Will Hammer,,,Oth
64318,William Carr,,,Ind
64335,James Woods,,,Dem
64356,Andrew M. Tobin,Andy,,Rep
64361,Ruben Gallego,,,Dem
64364,Doug Ducey,,,Rep
64368,Charlie Hardy,,,Dem
64388,Richard Grayson,,,Dem
64418,Amanda G. Curtis,,,Dem
64454,Mark Lester,,,Dem
64509,Ben Carson,,,Rep
